"Source:","C:\Users\Khloo\OneDrive\Documents\KiCad\projects\HW2\HW2.kicad_sch"
"Date:","2025-10-31T19:14:03-0700"
"Tool:","Eeschema 9.0.4"
"Generator:","C:\Users\Khloo\AppData\Local\Programs\KiCad\9.0\bin\scripting\plugins/bom_csv_grouped_by_value.py"
"Component Count:","19"

"Collated Components:"

"Item","Qty","Reference(s)","Value","LibPart","Footprint","Datasheet","DNP","Datasheet","Description","Footprint","Sim.Pins"
"1","1","C1","0.33uF","Device:C_US","","","","","capacitor, US symbol","",""
"2","1","C2","0.1uF","Device:C_US","","","","","capacitor, US symbol","",""
"3","1","C3","0.33","Device:C_US","","","","","capacitor, US symbol","",""
"4","3","D1, D2, D3","LED","Device:LED","","~","","~","Light emitting diode","","1=K 2=A"
"5","1","F1","Fuse","Device:Fuse","Battery:BatteryHolder_Bulgin_BX0034_1xAAA","~","","~","Fuse","Battery:BatteryHolder_Bulgin_BX0034_1xAAA",""
"6","1","Header_KAH1","U2","nano:Header","","","","","","",""
"7","1","J1","Barrel_Jack_Switch","voltage-regulater:Barrel_Jack_Switch","Connector_BarrelJack:BarrelJack_CUI_PJ-102AH_Horizontal","~","","~","DC Barrel Jack with an internal switch","Connector_BarrelJack:BarrelJack_CUI_PJ-102AH_Horizontal",""
"8","1","LS1","Speaker","Device:Speaker","","~","","~","Speaker","",""
"9","3","R1, R5, R6","250 ohms","Device:R_US","","~","","~","Resistor, US symbol","",""
"10","2","R2, R3","100k","Device:R_US","","~","","~","Resistor, US symbol","",""
"11","1","R4","10k","Device:R_US","","~","","~","Resistor, US symbol","",""
"12","1","U1","LM7805_KAH","voltage-regulater:LM7805_DMA","","","","","","",""
"13","1","U3","PIC18F57Q10_KAH","nano:PIC18F57Q10","","","","","","",""
"14","1","U4","LM4810","Amplifier_Audio:LM4810","Package_SO:TSSOP-8_3x3mm_P0.65mm","http://www.ti.com/lit/ds/symlink/lm4810.pdf","","http://www.ti.com/lit/ds/symlink/lm4810.pdf","Boomer Dual 105mW Headphone Amplifier with Active-High Shutdown Mode, VSSOP-8","Package_SO:TSSOP-8_3x3mm_P0.65mm",""
