<?xml version="1.0" encoding="UTF-8"?>
<export version="E">
  <design>
    <source>C:\Users\Khloo\OneDrive\Documents\KiCad\projects\HW2\HW2.kicad_sch</source>
    <date>2025-10-31T19:14:03-0700</date>
    <tool>Eeschema 9.0.4</tool>
    <sheet number="1" name="/" tstamps="/">
      <title_block>
        <title>Subsystem Schematic Design</title>
        <company>team 208</company>
        <rev>1</rev>
        <date>2025-10-29</date>
        <source>HW2.kicad_sch</source>
        <comment number="1" value=""/>
        <comment number="2" value=""/>
        <comment number="3" value=""/>
        <comment number="4" value=""/>
        <comment number="5" value=""/>
        <comment number="6" value=""/>
        <comment number="7" value=""/>
        <comment number="8" value=""/>
        <comment number="9" value=""/>
      </title_block>
    </sheet>
  </design>
  <components>
    <comp ref="C1">
      <value>0.33uF</value>
      <description>capacitor, US symbol</description>
      <fields>
        <field name="Footprint"/>
        <field name="Datasheet"/>
        <field name="Description">capacitor, US symbol</field>
      </fields>
      <libsource lib="Device" part="C_US" description="capacitor, US symbol"/>
      <property name="Sheetname" value="Root"/>
      <property name="Sheetfile" value="HW2.kicad_sch"/>
      <property name="ki_keywords" value="cap capacitor"/>
      <property name="ki_fp_filters" value="C_*"/>
      <sheetpath names="/" tstamps="/"/>
      <tstamps>178c4a2a-4ce2-41ff-bc06-78a9833d6d5d</tstamps>
    </comp>
    <comp ref="C2">
      <value>0.1uF</value>
      <description>capacitor, US symbol</description>
      <fields>
        <field name="Footprint"/>
        <field name="Datasheet"/>
        <field name="Description">capacitor, US symbol</field>
      </fields>
      <libsource lib="Device" part="C_US" description="capacitor, US symbol"/>
      <property name="Sheetname" value="Root"/>
      <property name="Sheetfile" value="HW2.kicad_sch"/>
      <property name="ki_keywords" value="cap capacitor"/>
      <property name="ki_fp_filters" value="C_*"/>
      <sheetpath names="/" tstamps="/"/>
      <tstamps>b4f0ca4f-f1cf-430c-a6ff-c78d007e74ea</tstamps>
    </comp>
    <comp ref="C3">
      <value>0.33</value>
      <description>capacitor, US symbol</description>
      <fields>
        <field name="Footprint"/>
        <field name="Datasheet"/>
        <field name="Description">capacitor, US symbol</field>
      </fields>
      <libsource lib="Device" part="C_US" description="capacitor, US symbol"/>
      <property name="Sheetname" value="Root"/>
      <property name="Sheetfile" value="HW2.kicad_sch"/>
      <property name="ki_keywords" value="cap capacitor"/>
      <property name="ki_fp_filters" value="C_*"/>
      <sheetpath names="/" tstamps="/"/>
      <tstamps>6afc2bb2-3167-4d57-8251-88caf72c855a</tstamps>
    </comp>
    <comp ref="D1">
      <value>LED</value>
      <datasheet>~</datasheet>
      <description>Light emitting diode</description>
      <fields>
        <field name="Sim.Pins">1=K 2=A</field>
        <field name="Footprint"/>
        <field name="Datasheet">~</field>
        <field name="Description">Light emitting diode</field>
      </fields>
      <libsource lib="Device" part="LED" description="Light emitting diode"/>
      <property name="Sim.Pins" value="1=K 2=A"/>
      <property name="Sheetname" value="Root"/>
      <property name="Sheetfile" value="HW2.kicad_sch"/>
      <property name="ki_keywords" value="LED diode"/>
      <property name="ki_fp_filters" value="LED* LED_SMD:* LED_THT:*"/>
      <sheetpath names="/" tstamps="/"/>
      <tstamps>c076b6ca-33ea-4073-9771-ca9e1a442f10</tstamps>
    </comp>
    <comp ref="D2">
      <value>LED</value>
      <datasheet>~</datasheet>
      <description>Light emitting diode</description>
      <fields>
        <field name="Sim.Pins">1=K 2=A</field>
        <field name="Footprint"/>
        <field name="Datasheet">~</field>
        <field name="Description">Light emitting diode</field>
      </fields>
      <libsource lib="Device" part="LED" description="Light emitting diode"/>
      <property name="Sim.Pins" value="1=K 2=A"/>
      <property name="Sheetname" value="Root"/>
      <property name="Sheetfile" value="HW2.kicad_sch"/>
      <property name="ki_keywords" value="LED diode"/>
      <property name="ki_fp_filters" value="LED* LED_SMD:* LED_THT:*"/>
      <sheetpath names="/" tstamps="/"/>
      <tstamps>fb673a9c-ce8f-4a04-b9d5-1e383447b86c</tstamps>
    </comp>
    <comp ref="D3">
      <value>LED</value>
      <datasheet>~</datasheet>
      <description>Light emitting diode</description>
      <fields>
        <field name="Sim.Pins">1=K 2=A</field>
        <field name="Footprint"/>
        <field name="Datasheet">~</field>
        <field name="Description">Light emitting diode</field>
      </fields>
      <libsource lib="Device" part="LED" description="Light emitting diode"/>
      <property name="Sim.Pins" value="1=K 2=A"/>
      <property name="Sheetname" value="Root"/>
      <property name="Sheetfile" value="HW2.kicad_sch"/>
      <property name="ki_keywords" value="LED diode"/>
      <property name="ki_fp_filters" value="LED* LED_SMD:* LED_THT:*"/>
      <sheetpath names="/" tstamps="/"/>
      <tstamps>561bf330-9bec-4725-aaf2-decfb0bed6bc</tstamps>
    </comp>
    <comp ref="F1">
      <value>Fuse</value>
      <footprint>Battery:BatteryHolder_Bulgin_BX0034_1xAAA</footprint>
      <datasheet>~</datasheet>
      <description>Fuse</description>
      <fields>
        <field name="Footprint">Battery:BatteryHolder_Bulgin_BX0034_1xAAA</field>
        <field name="Datasheet">~</field>
        <field name="Description">Fuse</field>
      </fields>
      <libsource lib="Device" part="Fuse" description="Fuse"/>
      <property name="Sheetname" value="Root"/>
      <property name="Sheetfile" value="HW2.kicad_sch"/>
      <property name="ki_keywords" value="fuse"/>
      <property name="ki_fp_filters" value="*Fuse*"/>
      <sheetpath names="/" tstamps="/"/>
      <tstamps>2685ba91-fa13-4038-a143-b33c6732e389</tstamps>
    </comp>
    <comp ref="Header_KAH1">
      <value>U2</value>
      <fields>
        <field name="Footprint"/>
        <field name="Datasheet"/>
        <field name="Description"/>
      </fields>
      <libsource lib="nano" part="Header" description=""/>
      <property name="Sheetname" value="Root"/>
      <property name="Sheetfile" value="HW2.kicad_sch"/>
      <sheetpath names="/" tstamps="/"/>
      <tstamps>56bac218-c830-4ccc-9a57-700e1776745d</tstamps>
    </comp>
    <comp ref="J1">
      <value>Barrel_Jack_Switch</value>
      <footprint>Connector_BarrelJack:BarrelJack_CUI_PJ-102AH_Horizontal</footprint>
      <datasheet>~</datasheet>
      <description>DC Barrel Jack with an internal switch</description>
      <fields>
        <field name="Footprint">Connector_BarrelJack:BarrelJack_CUI_PJ-102AH_Horizontal</field>
        <field name="Datasheet">~</field>
        <field name="Description">DC Barrel Jack with an internal switch</field>
      </fields>
      <libsource lib="voltage-regulater" part="Barrel_Jack_Switch" description="DC Barrel Jack with an internal switch"/>
      <property name="Sheetname" value="Root"/>
      <property name="Sheetfile" value="HW2.kicad_sch"/>
      <property name="ki_keywords" value="DC power barrel jack connector"/>
      <property name="ki_fp_filters" value="BarrelJack*"/>
      <sheetpath names="/" tstamps="/"/>
      <tstamps>ee50a664-0193-4a54-9360-6ffe2a440638</tstamps>
    </comp>
    <comp ref="LS1">
      <value>Speaker</value>
      <datasheet>~</datasheet>
      <description>Speaker</description>
      <fields>
        <field name="Footprint"/>
        <field name="Datasheet">~</field>
        <field name="Description">Speaker</field>
      </fields>
      <libsource lib="Device" part="Speaker" description="Speaker"/>
      <property name="Sheetname" value="Root"/>
      <property name="Sheetfile" value="HW2.kicad_sch"/>
      <property name="ki_keywords" value="speaker sound"/>
      <sheetpath names="/" tstamps="/"/>
      <tstamps>69fafee7-7a6b-487a-aba4-80b96472a600</tstamps>
    </comp>
    <comp ref="R1">
      <value>250 ohms</value>
      <datasheet>~</datasheet>
      <description>Resistor, US symbol</description>
      <fields>
        <field name="Footprint"/>
        <field name="Datasheet">~</field>
        <field name="Description">Resistor, US symbol</field>
      </fields>
      <libsource lib="Device" part="R_US" description="Resistor, US symbol"/>
      <property name="Sheetname" value="Root"/>
      <property name="Sheetfile" value="HW2.kicad_sch"/>
      <property name="ki_keywords" value="R res resistor"/>
      <property name="ki_fp_filters" value="R_*"/>
      <sheetpath names="/" tstamps="/"/>
      <tstamps>5458bb85-8213-44c2-8715-f10cb0bfc705</tstamps>
    </comp>
    <comp ref="R2">
      <value>100k</value>
      <datasheet>~</datasheet>
      <description>Resistor, US symbol</description>
      <fields>
        <field name="Footprint"/>
        <field name="Datasheet">~</field>
        <field name="Description">Resistor, US symbol</field>
      </fields>
      <libsource lib="Device" part="R_US" description="Resistor, US symbol"/>
      <property name="Sheetname" value="Root"/>
      <property name="Sheetfile" value="HW2.kicad_sch"/>
      <property name="ki_keywords" value="R res resistor"/>
      <property name="ki_fp_filters" value="R_*"/>
      <sheetpath names="/" tstamps="/"/>
      <tstamps>eb725eef-7ab1-416c-87a5-f1c00397759d</tstamps>
    </comp>
    <comp ref="R3">
      <value>100k</value>
      <datasheet>~</datasheet>
      <description>Resistor, US symbol</description>
      <fields>
        <field name="Footprint"/>
        <field name="Datasheet">~</field>
        <field name="Description">Resistor, US symbol</field>
      </fields>
      <libsource lib="Device" part="R_US" description="Resistor, US symbol"/>
      <property name="Sheetname" value="Root"/>
      <property name="Sheetfile" value="HW2.kicad_sch"/>
      <property name="ki_keywords" value="R res resistor"/>
      <property name="ki_fp_filters" value="R_*"/>
      <sheetpath names="/" tstamps="/"/>
      <tstamps>889ade22-0fc1-4f08-87ce-cf1912a322c6</tstamps>
    </comp>
    <comp ref="R4">
      <value>10k</value>
      <datasheet>~</datasheet>
      <description>Resistor, US symbol</description>
      <fields>
        <field name="Footprint"/>
        <field name="Datasheet">~</field>
        <field name="Description">Resistor, US symbol</field>
      </fields>
      <libsource lib="Device" part="R_US" description="Resistor, US symbol"/>
      <property name="Sheetname" value="Root"/>
      <property name="Sheetfile" value="HW2.kicad_sch"/>
      <property name="ki_keywords" value="R res resistor"/>
      <property name="ki_fp_filters" value="R_*"/>
      <sheetpath names="/" tstamps="/"/>
      <tstamps>92f2d42f-bcb5-4530-81a3-62e6f140b568</tstamps>
    </comp>
    <comp ref="R5">
      <value>250 ohms</value>
      <datasheet>~</datasheet>
      <description>Resistor, US symbol</description>
      <fields>
        <field name="Footprint"/>
        <field name="Datasheet">~</field>
        <field name="Description">Resistor, US symbol</field>
      </fields>
      <libsource lib="Device" part="R_US" description="Resistor, US symbol"/>
      <property name="Sheetname" value="Root"/>
      <property name="Sheetfile" value="HW2.kicad_sch"/>
      <property name="ki_keywords" value="R res resistor"/>
      <property name="ki_fp_filters" value="R_*"/>
      <sheetpath names="/" tstamps="/"/>
      <tstamps>7e192054-7869-47a2-83e6-f8e666d542b2</tstamps>
    </comp>
    <comp ref="R6">
      <value>250 ohms</value>
      <datasheet>~</datasheet>
      <description>Resistor, US symbol</description>
      <fields>
        <field name="Footprint"/>
        <field name="Datasheet">~</field>
        <field name="Description">Resistor, US symbol</field>
      </fields>
      <libsource lib="Device" part="R_US" description="Resistor, US symbol"/>
      <property name="Sheetname" value="Root"/>
      <property name="Sheetfile" value="HW2.kicad_sch"/>
      <property name="ki_keywords" value="R res resistor"/>
      <property name="ki_fp_filters" value="R_*"/>
      <sheetpath names="/" tstamps="/"/>
      <tstamps>13d13afc-9f19-44df-8f1b-30a0abe20ddb</tstamps>
    </comp>
    <comp ref="U1">
      <value>LM7805_KAH</value>
      <fields>
        <field name="Footprint"/>
        <field name="Datasheet"/>
        <field name="Description"/>
      </fields>
      <libsource lib="voltage-regulater" part="LM7805_DMA" description=""/>
      <property name="Sheetname" value="Root"/>
      <property name="Sheetfile" value="HW2.kicad_sch"/>
      <sheetpath names="/" tstamps="/"/>
      <tstamps>5cd3d30c-366b-4f7a-a131-e948f88eadda</tstamps>
    </comp>
    <comp ref="U3">
      <value>PIC18F57Q10_KAH</value>
      <fields>
        <field name="Footprint"/>
        <field name="Datasheet"/>
        <field name="Description"/>
      </fields>
      <libsource lib="nano" part="PIC18F57Q10" description=""/>
      <property name="Sheetname" value="Root"/>
      <property name="Sheetfile" value="HW2.kicad_sch"/>
      <sheetpath names="/" tstamps="/"/>
      <tstamps>4cbfdc6e-ed3e-446b-8757-1f6ba444214e</tstamps>
    </comp>
    <comp ref="U4">
      <value>LM4810</value>
      <footprint>Package_SO:TSSOP-8_3x3mm_P0.65mm</footprint>
      <datasheet>http://www.ti.com/lit/ds/symlink/lm4810.pdf</datasheet>
      <description>Boomer Dual 105mW Headphone Amplifier with Active-High Shutdown Mode, VSSOP-8</description>
      <fields>
        <field name="Footprint">Package_SO:TSSOP-8_3x3mm_P0.65mm</field>
        <field name="Datasheet">http://www.ti.com/lit/ds/symlink/lm4810.pdf</field>
        <field name="Description">Boomer Dual 105mW Headphone Amplifier with Active-High Shutdown Mode, VSSOP-8</field>
      </fields>
      <libsource lib="Amplifier_Audio" part="LM4810" description="Boomer Dual 105mW Headphone Amplifier with Active-High Shutdown Mode, VSSOP-8"/>
      <property name="Sheetname" value="Root"/>
      <property name="Sheetfile" value="HW2.kicad_sch"/>
      <property name="ki_keywords" value="audio amplifier headphone"/>
      <property name="ki_fp_filters" value="TSSOP*3x3mm*P0.65mm*"/>
      <sheetpath names="/" tstamps="/"/>
      <tstamps>0942ae6d-0a3f-47aa-8b66-cc40f5f5bd15</tstamps>
    </comp>
  </components>
  <libparts>
    <libpart lib="Amplifier_Audio" part="LM4810">
      <description>Boomer Dual 105mW Headphone Amplifier with Active-High Shutdown Mode, VSSOP-8</description>
      <docs>http://www.ti.com/lit/ds/symlink/lm4810.pdf</docs>
      <footprints>
        <fp>TSSOP*3x3mm*P0.65mm*</fp>
      </footprints>
      <fields>
        <field name="Reference">U</field>
        <field name="Value">LM4810</field>
        <field name="Footprint">Package_SO:TSSOP-8_3x3mm_P0.65mm</field>
        <field name="Datasheet">http://www.ti.com/lit/ds/symlink/lm4810.pdf</field>
        <field name="Description">Boomer Dual 105mW Headphone Amplifier with Active-High Shutdown Mode, VSSOP-8</field>
      </fields>
      <pins>
        <pin num="1" name="VOUT1" type="output"/>
        <pin num="2" name="VIN1" type="input"/>
        <pin num="3" name="BYPASS" type="passive"/>
        <pin num="4" name="GND" type="power_in"/>
        <pin num="5" name="SHDN" type="input"/>
        <pin num="6" name="VIN2" type="input"/>
        <pin num="7" name="VOUT2" type="output"/>
        <pin num="8" name="VDD" type="power_in"/>
      </pins>
    </libpart>
    <libpart lib="Device" part="C_US">
      <description>capacitor, US symbol</description>
      <footprints>
        <fp>C_*</fp>
      </footprints>
      <fields>
        <field name="Reference">C</field>
        <field name="Value">C_US</field>
        <field name="Footprint"/>
        <field name="Datasheet"/>
        <field name="Description">capacitor, US symbol</field>
      </fields>
      <pins>
        <pin num="1" name="" type="passive"/>
        <pin num="2" name="" type="passive"/>
      </pins>
    </libpart>
    <libpart lib="Device" part="Fuse">
      <description>Fuse</description>
      <docs>~</docs>
      <footprints>
        <fp>*Fuse*</fp>
      </footprints>
      <fields>
        <field name="Reference">F</field>
        <field name="Value">Fuse</field>
        <field name="Footprint"/>
        <field name="Datasheet">~</field>
        <field name="Description">Fuse</field>
      </fields>
      <pins>
        <pin num="1" name="" type="passive"/>
        <pin num="2" name="" type="passive"/>
      </pins>
    </libpart>
    <libpart lib="Device" part="LED">
      <description>Light emitting diode</description>
      <docs>~</docs>
      <footprints>
        <fp>LED*</fp>
        <fp>LED_SMD:*</fp>
        <fp>LED_THT:*</fp>
      </footprints>
      <fields>
        <field name="Reference">D</field>
        <field name="Value">LED</field>
        <field name="Footprint"/>
        <field name="Datasheet">~</field>
        <field name="Description">Light emitting diode</field>
        <field name="Sim.Pins">1=K 2=A</field>
      </fields>
      <pins>
        <pin num="1" name="K" type="passive"/>
        <pin num="2" name="A" type="passive"/>
      </pins>
    </libpart>
    <libpart lib="Device" part="R_US">
      <description>Resistor, US symbol</description>
      <docs>~</docs>
      <footprints>
        <fp>R_*</fp>
      </footprints>
      <fields>
        <field name="Reference">R</field>
        <field name="Value">R_US</field>
        <field name="Footprint"/>
        <field name="Datasheet">~</field>
        <field name="Description">Resistor, US symbol</field>
      </fields>
      <pins>
        <pin num="1" name="" type="passive"/>
        <pin num="2" name="" type="passive"/>
      </pins>
    </libpart>
    <libpart lib="Device" part="Speaker">
      <description>Speaker</description>
      <docs>~</docs>
      <fields>
        <field name="Reference">LS</field>
        <field name="Value">Speaker</field>
        <field name="Footprint"/>
        <field name="Datasheet">~</field>
        <field name="Description">Speaker</field>
      </fields>
      <pins>
        <pin num="1" name="1" type="input"/>
        <pin num="2" name="2" type="input"/>
      </pins>
    </libpart>
    <libpart lib="nano" part="Header">
      <fields>
        <field name="Reference">Header_KAH</field>
        <field name="Value"/>
        <field name="Footprint"/>
        <field name="Datasheet"/>
        <field name="Description"/>
      </fields>
      <pins>
        <pin num="1" name="Dig" type="bidirectional"/>
        <pin num="2" name="Dig" type="bidirectional"/>
        <pin num="3" name="Dig" type="bidirectional"/>
        <pin num="4" name="Dig" type="bidirectional"/>
        <pin num="5" name="Dig" type="bidirectional"/>
        <pin num="6" name="Ang" type="bidirectional"/>
        <pin num="7" name="Ang" type="bidirectional"/>
        <pin num="8" name="GND" type="bidirectional"/>
      </pins>
    </libpart>
    <libpart lib="nano" part="PIC18F57Q10">
      <fields>
        <field name="Reference">U1</field>
        <field name="Value">PIC18F57Q10_KAH</field>
        <field name="Footprint"/>
        <field name="Datasheet"/>
        <field name="Description"/>
      </fields>
      <pins>
        <pin num="1" name="NC" type="bidirectional"/>
        <pin num="2" name="ID" type="bidirectional"/>
        <pin num="3" name="RF0/CDC_RX" type="bidirectional"/>
        <pin num="4" name="RF1/CDC_TX" type="bidirectional"/>
        <pin num="5" name="RB6/DBG1" type="bidirectional"/>
        <pin num="6" name="RB4/DBG2" type="bidirectional"/>
        <pin num="7" name="RC2/UART1_TX" type="bidirectional"/>
        <pin num="8" name="RC3/UART1_RX" type="bidirectional"/>
        <pin num="9" name="RB2/SDA" type="bidirectional"/>
        <pin num="10" name="RB1/SCL" type="bidirectional"/>
        <pin num="11" name="RC4/MOSI" type="bidirectional"/>
        <pin num="12" name="RC5/MISO" type="bidirectional"/>
        <pin num="13" name="RC6/SCK" type="bidirectional"/>
        <pin num="14" name="RD4/SS" type="bidirectional"/>
        <pin num="15" name="GND" type="bidirectional"/>
        <pin num="16" name="RA3/UART3_TX" type="bidirectional"/>
        <pin num="17" name="RA4/UART3_RX" type="bidirectional"/>
        <pin num="18" name="RE2" type="bidirectional"/>
        <pin num="19" name="RC7" type="bidirectional"/>
        <pin num="20" name="RDO" type="bidirectional"/>
        <pin num="21" name="RD1" type="bidirectional"/>
        <pin num="22" name="RD2" type="bidirectional"/>
        <pin num="23" name="RD3" type="bidirectional"/>
        <pin num="24" name="GND" type="bidirectional"/>
        <pin num="25" name="RF0/CDC_RX" type="bidirectional"/>
        <pin num="26" name="RF0/CDC_TX" type="bidirectional"/>
        <pin num="27" name="RF2" type="bidirectional"/>
        <pin num="28" name="RF3/LED0" type="bidirectional"/>
        <pin num="29" name="VBUS" type="bidirectional"/>
        <pin num="30" name="VOFF" type="bidirectional"/>
        <pin num="31" name="DBG3/RE3" type="bidirectional"/>
        <pin num="32" name="DBG0/RB7" type="bidirectional"/>
        <pin num="33" name="GND" type="bidirectional"/>
        <pin num="34" name="VTG" type="bidirectional"/>
        <pin num="35" name="ANA7/RA7" type="bidirectional"/>
        <pin num="36" name="ANA6/RA6" type="bidirectional"/>
        <pin num="37" name="ANA5/RA5" type="bidirectional"/>
        <pin num="38" name="ANB3/RB3" type="bidirectional"/>
        <pin num="39" name="ANB0/RB0" type="bidirectional"/>
        <pin num="40" name="ANA2/RA2" type="bidirectional"/>
        <pin num="41" name="ANA1/RA1" type="bidirectional"/>
        <pin num="42" name="ANA0/RA0" type="bidirectional"/>
        <pin num="43" name="GND" type="bidirectional"/>
        <pin num="44" name="RD7" type="bidirectional"/>
        <pin num="45" name="RD6" type="bidirectional"/>
        <pin num="46" name="RD5" type="bidirectional"/>
        <pin num="47" name="RB5" type="bidirectional"/>
        <pin num="48" name="RF7" type="bidirectional"/>
        <pin num="49" name="RF6" type="bidirectional"/>
        <pin num="50" name="RF5" type="bidirectional"/>
        <pin num="51" name="RF4" type="bidirectional"/>
        <pin num="52" name="GND" type="bidirectional"/>
        <pin num="53" name="RE1" type="bidirectional"/>
        <pin num="54" name="RE0" type="bidirectional"/>
        <pin num="55" name="(SOSCI)/RC1" type="bidirectional"/>
        <pin num="56" name="(SOSCO)/RC0" type="bidirectional"/>
      </pins>
    </libpart>
    <libpart lib="voltage-regulater" part="Barrel_Jack_Switch">
      <description>DC Barrel Jack with an internal switch</description>
      <docs>~</docs>
      <footprints>
        <fp>BarrelJack*</fp>
      </footprints>
      <fields>
        <field name="Reference">J1</field>
        <field name="Value">Barrel_Jack_Switch</field>
        <field name="Footprint"/>
        <field name="Datasheet">~</field>
        <field name="Description">DC Barrel Jack with an internal switch</field>
      </fields>
      <pins>
        <pin num="1" name="" type="power_out"/>
        <pin num="2" name="" type="power_out"/>
        <pin num="3" name="" type="passive"/>
      </pins>
    </libpart>
    <libpart lib="voltage-regulater" part="LM7805_DMA">
      <fields>
        <field name="Reference">U</field>
        <field name="Value">LM7805_DMA</field>
        <field name="Footprint"/>
        <field name="Datasheet"/>
        <field name="Description"/>
      </fields>
      <pins>
        <pin num="1" name="input" type="power_in"/>
        <pin num="2" name="ground" type="power_in"/>
        <pin num="3" name="output" type="power_out"/>
      </pins>
    </libpart>
  </libparts>
  <libraries>
    <library logical="Amplifier_Audio">
      <uri>C:\Users\Khloo\AppData\Local\Programs\KiCad\9.0\share\kicad\symbols\/Amplifier_Audio.kicad_sym</uri>
    </library>
    <library logical="Device">
      <uri>C:\Users\Khloo\AppData\Local\Programs\KiCad\9.0\share\kicad\symbols\/Device.kicad_sym</uri>
    </library>
    <library logical="nano">
      <uri>C:\Users\Khloo\OneDrive\Documents\KiCad\projects\HW2/nano.kicad_sym</uri>
    </library>
    <library logical="voltage-regulater">
      <uri>C:\Users\Khloo\OneDrive\Documents\KiCad\projects\HW2/voltage-regulater.kicad_sym</uri>
    </library>
  </libraries>
  <nets>
    <net code="1" name="+5V" class="Default">
      <node ref="C2" pin="1" pintype="passive"/>
      <node ref="R3" pin="1" pintype="passive"/>
      <node ref="R4" pin="2" pintype="passive"/>
      <node ref="U1" pin="3" pinfunction="output" pintype="power_out"/>
      <node ref="U4" pin="8" pinfunction="VDD" pintype="power_in"/>
    </net>
    <net code="2" name="D1" class="Default">
      <node ref="Header_KAH1" pin="1" pinfunction="Dig" pintype="bidirectional"/>
      <node ref="U3" pin="45" pinfunction="RD6" pintype="bidirectional"/>
    </net>
    <net code="3" name="D3" class="Default">
      <node ref="Header_KAH1" pin="3" pinfunction="Dig" pintype="bidirectional"/>
      <node ref="U3" pin="46" pinfunction="RD5" pintype="bidirectional"/>
    </net>
    <net code="4" name="D5" class="Default">
      <node ref="Header_KAH1" pin="5" pinfunction="Dig" pintype="bidirectional"/>
      <node ref="U3" pin="47" pinfunction="RB5" pintype="bidirectional"/>
    </net>
    <net code="5" name="Earth" class="Default">
      <node ref="C1" pin="2" pintype="passive"/>
      <node ref="C2" pin="2" pintype="passive"/>
      <node ref="D1" pin="1" pinfunction="K" pintype="passive"/>
      <node ref="D2" pin="1" pinfunction="K" pintype="passive"/>
      <node ref="D3" pin="1" pinfunction="K" pintype="passive"/>
      <node ref="Header_KAH1" pin="8" pinfunction="GND" pintype="bidirectional"/>
      <node ref="J1" pin="2" pintype="power_out"/>
      <node ref="R2" pin="2" pintype="passive"/>
      <node ref="R3" pin="2" pintype="passive"/>
      <node ref="U1" pin="2" pinfunction="ground" pintype="power_in"/>
      <node ref="U3" pin="15" pinfunction="GND" pintype="bidirectional"/>
      <node ref="U3" pin="24" pinfunction="GND" pintype="bidirectional"/>
      <node ref="U3" pin="30" pinfunction="VOFF" pintype="bidirectional"/>
      <node ref="U3" pin="33" pinfunction="GND" pintype="bidirectional"/>
      <node ref="U3" pin="43" pinfunction="GND" pintype="bidirectional"/>
      <node ref="U3" pin="52" pinfunction="GND" pintype="bidirectional"/>
      <node ref="U4" pin="4" pinfunction="GND" pintype="power_in"/>
    </net>
    <net code="6" name="LED" class="Default">
      <node ref="R1" pin="1" pintype="passive"/>
      <node ref="R5" pin="1" pintype="passive"/>
      <node ref="R6" pin="1" pintype="passive"/>
    </net>
    <net code="7" name="LED 1" class="Default">
      <node ref="U3" pin="49" pinfunction="RF6" pintype="bidirectional"/>
    </net>
    <net code="8" name="LED 2" class="Default">
      <node ref="U3" pin="50" pinfunction="RF5" pintype="bidirectional"/>
    </net>
    <net code="9" name="LED 3" class="Default">
      <node ref="U3" pin="51" pinfunction="RF4" pintype="bidirectional"/>
    </net>
    <net code="10" name="Net-(C3-Pad2)" class="Default">
      <node ref="C3" pin="2" pintype="passive"/>
      <node ref="LS1" pin="1" pinfunction="1" pintype="input"/>
    </net>
    <net code="11" name="Net-(D1-A)" class="Default">
      <node ref="D1" pin="2" pinfunction="A" pintype="passive"/>
      <node ref="R5" pin="2" pintype="passive"/>
    </net>
    <net code="12" name="Net-(D2-A)" class="Default">
      <node ref="D2" pin="2" pinfunction="A" pintype="passive"/>
      <node ref="R1" pin="2" pintype="passive"/>
    </net>
    <net code="13" name="Net-(D3-A)" class="Default">
      <node ref="D3" pin="2" pinfunction="A" pintype="passive"/>
      <node ref="R6" pin="2" pintype="passive"/>
    </net>
    <net code="14" name="Net-(F1-Pad1)" class="Default">
      <node ref="F1" pin="1" pintype="passive"/>
      <node ref="J1" pin="1" pintype="power_out"/>
    </net>
    <net code="15" name="Net-(LS1-Pad2)" class="Default">
      <node ref="LS1" pin="2" pinfunction="2" pintype="input"/>
      <node ref="R2" pin="1" pintype="passive"/>
    </net>
    <net code="16" name="Net-(U1-input)" class="Default">
      <node ref="C1" pin="1" pintype="passive"/>
      <node ref="F1" pin="2" pintype="passive"/>
      <node ref="U1" pin="1" pinfunction="input" pintype="power_in"/>
    </net>
    <net code="17" name="Net-(U3-ANA2/RA2)" class="Default">
      <node ref="U3" pin="40" pinfunction="ANA2/RA2" pintype="bidirectional"/>
      <node ref="U4" pin="6" pinfunction="VIN2" pintype="input"/>
    </net>
    <net code="18" name="Net-(U4-VOUT2)" class="Default">
      <node ref="C3" pin="1" pintype="passive"/>
      <node ref="U4" pin="7" pinfunction="VOUT2" pintype="output"/>
    </net>
    <net code="19" name="VTG" class="Default">
      <node ref="R4" pin="1" pintype="passive"/>
      <node ref="U3" pin="34" pinfunction="VTG" pintype="bidirectional"/>
    </net>
    <net code="20" name="unconnected-(Header_KAH1-Ang-Pad6)" class="Default">
      <node ref="Header_KAH1" pin="6" pinfunction="Ang" pintype="bidirectional+no_connect"/>
    </net>
    <net code="21" name="unconnected-(Header_KAH1-Ang-Pad7)" class="Default">
      <node ref="Header_KAH1" pin="7" pinfunction="Ang" pintype="bidirectional+no_connect"/>
    </net>
    <net code="22" name="unconnected-(Header_KAH1-Dig-Pad2)" class="Default">
      <node ref="Header_KAH1" pin="2" pinfunction="Dig" pintype="bidirectional+no_connect"/>
    </net>
    <net code="23" name="unconnected-(Header_KAH1-Dig-Pad4)" class="Default">
      <node ref="Header_KAH1" pin="4" pinfunction="Dig" pintype="bidirectional+no_connect"/>
    </net>
    <net code="24" name="unconnected-(J1-Pad3)" class="Default">
      <node ref="J1" pin="3" pintype="passive+no_connect"/>
    </net>
    <net code="25" name="unconnected-(U3-(SOSCI)/RC1-Pad55)" class="Default">
      <node ref="U3" pin="55" pinfunction="(SOSCI)/RC1" pintype="bidirectional+no_connect"/>
    </net>
    <net code="26" name="unconnected-(U3-(SOSCO)/RC0-Pad56)" class="Default">
      <node ref="U3" pin="56" pinfunction="(SOSCO)/RC0" pintype="bidirectional+no_connect"/>
    </net>
    <net code="27" name="unconnected-(U3-ANA0/RA0-Pad42)" class="Default">
      <node ref="U3" pin="42" pinfunction="ANA0/RA0" pintype="bidirectional+no_connect"/>
    </net>
    <net code="28" name="unconnected-(U3-ANA1/RA1-Pad41)" class="Default">
      <node ref="U3" pin="41" pinfunction="ANA1/RA1" pintype="bidirectional+no_connect"/>
    </net>
    <net code="29" name="unconnected-(U3-ANA5/RA5-Pad37)" class="Default">
      <node ref="U3" pin="37" pinfunction="ANA5/RA5" pintype="bidirectional+no_connect"/>
    </net>
    <net code="30" name="unconnected-(U3-ANA6/RA6-Pad36)" class="Default">
      <node ref="U3" pin="36" pinfunction="ANA6/RA6" pintype="bidirectional+no_connect"/>
    </net>
    <net code="31" name="unconnected-(U3-ANA7/RA7-Pad35)" class="Default">
      <node ref="U3" pin="35" pinfunction="ANA7/RA7" pintype="bidirectional+no_connect"/>
    </net>
    <net code="32" name="unconnected-(U3-ANB0/RB0-Pad39)" class="Default">
      <node ref="U3" pin="39" pinfunction="ANB0/RB0" pintype="bidirectional+no_connect"/>
    </net>
    <net code="33" name="unconnected-(U3-ANB3/RB3-Pad38)" class="Default">
      <node ref="U3" pin="38" pinfunction="ANB3/RB3" pintype="bidirectional+no_connect"/>
    </net>
    <net code="34" name="unconnected-(U3-DBG0/RB7-Pad32)" class="Default">
      <node ref="U3" pin="32" pinfunction="DBG0/RB7" pintype="bidirectional+no_connect"/>
    </net>
    <net code="35" name="unconnected-(U3-DBG3/RE3-Pad31)" class="Default">
      <node ref="U3" pin="31" pinfunction="DBG3/RE3" pintype="bidirectional+no_connect"/>
    </net>
    <net code="36" name="unconnected-(U3-ID-Pad2)" class="Default">
      <node ref="U3" pin="2" pinfunction="ID" pintype="bidirectional+no_connect"/>
    </net>
    <net code="37" name="unconnected-(U3-NC-Pad1)" class="Default">
      <node ref="U3" pin="1" pinfunction="NC" pintype="bidirectional+no_connect"/>
    </net>
    <net code="38" name="unconnected-(U3-RA3/UART3_TX-Pad16)" class="Default">
      <node ref="U3" pin="16" pinfunction="RA3/UART3_TX" pintype="bidirectional+no_connect"/>
    </net>
    <net code="39" name="unconnected-(U3-RA4/UART3_RX-Pad17)" class="Default">
      <node ref="U3" pin="17" pinfunction="RA4/UART3_RX" pintype="bidirectional+no_connect"/>
    </net>
    <net code="40" name="unconnected-(U3-RB1/SCL-Pad10)" class="Default">
      <node ref="U3" pin="10" pinfunction="RB1/SCL" pintype="bidirectional+no_connect"/>
    </net>
    <net code="41" name="unconnected-(U3-RB2/SDA-Pad9)" class="Default">
      <node ref="U3" pin="9" pinfunction="RB2/SDA" pintype="bidirectional+no_connect"/>
    </net>
    <net code="42" name="unconnected-(U3-RB4/DBG2-Pad6)" class="Default">
      <node ref="U3" pin="6" pinfunction="RB4/DBG2" pintype="bidirectional+no_connect"/>
    </net>
    <net code="43" name="unconnected-(U3-RB6/DBG1-Pad5)" class="Default">
      <node ref="U3" pin="5" pinfunction="RB6/DBG1" pintype="bidirectional+no_connect"/>
    </net>
    <net code="44" name="unconnected-(U3-RC2/UART1_TX-Pad7)" class="Default">
      <node ref="U3" pin="7" pinfunction="RC2/UART1_TX" pintype="bidirectional+no_connect"/>
    </net>
    <net code="45" name="unconnected-(U3-RC3/UART1_RX-Pad8)" class="Default">
      <node ref="U3" pin="8" pinfunction="RC3/UART1_RX" pintype="bidirectional+no_connect"/>
    </net>
    <net code="46" name="unconnected-(U3-RC4/MOSI-Pad11)" class="Default">
      <node ref="U3" pin="11" pinfunction="RC4/MOSI" pintype="bidirectional+no_connect"/>
    </net>
    <net code="47" name="unconnected-(U3-RC5/MISO-Pad12)" class="Default">
      <node ref="U3" pin="12" pinfunction="RC5/MISO" pintype="bidirectional+no_connect"/>
    </net>
    <net code="48" name="unconnected-(U3-RC6/SCK-Pad13)" class="Default">
      <node ref="U3" pin="13" pinfunction="RC6/SCK" pintype="bidirectional+no_connect"/>
    </net>
    <net code="49" name="unconnected-(U3-RC7-Pad19)" class="Default">
      <node ref="U3" pin="19" pinfunction="RC7" pintype="bidirectional+no_connect"/>
    </net>
    <net code="50" name="unconnected-(U3-RD1-Pad21)" class="Default">
      <node ref="U3" pin="21" pinfunction="RD1" pintype="bidirectional+no_connect"/>
    </net>
    <net code="51" name="unconnected-(U3-RD2-Pad22)" class="Default">
      <node ref="U3" pin="22" pinfunction="RD2" pintype="bidirectional+no_connect"/>
    </net>
    <net code="52" name="unconnected-(U3-RD3-Pad23)" class="Default">
      <node ref="U3" pin="23" pinfunction="RD3" pintype="bidirectional+no_connect"/>
    </net>
    <net code="53" name="unconnected-(U3-RD4/SS-Pad14)" class="Default">
      <node ref="U3" pin="14" pinfunction="RD4/SS" pintype="bidirectional+no_connect"/>
    </net>
    <net code="54" name="unconnected-(U3-RD7-Pad44)" class="Default">
      <node ref="U3" pin="44" pinfunction="RD7" pintype="bidirectional+no_connect"/>
    </net>
    <net code="55" name="unconnected-(U3-RDO-Pad20)" class="Default">
      <node ref="U3" pin="20" pinfunction="RDO" pintype="bidirectional+no_connect"/>
    </net>
    <net code="56" name="unconnected-(U3-RE0-Pad54)" class="Default">
      <node ref="U3" pin="54" pinfunction="RE0" pintype="bidirectional+no_connect"/>
    </net>
    <net code="57" name="unconnected-(U3-RE1-Pad53)" class="Default">
      <node ref="U3" pin="53" pinfunction="RE1" pintype="bidirectional+no_connect"/>
    </net>
    <net code="58" name="unconnected-(U3-RE2-Pad18)" class="Default">
      <node ref="U3" pin="18" pinfunction="RE2" pintype="bidirectional+no_connect"/>
    </net>
    <net code="59" name="unconnected-(U3-RF0/CDC_RX-Pad3)" class="Default">
      <node ref="U3" pin="3" pinfunction="RF0/CDC_RX" pintype="bidirectional+no_connect"/>
    </net>
    <net code="60" name="unconnected-(U3-RF0/CDC_RX-Pad25)" class="Default">
      <node ref="U3" pin="25" pinfunction="RF0/CDC_RX" pintype="bidirectional+no_connect"/>
    </net>
    <net code="61" name="unconnected-(U3-RF0/CDC_TX-Pad26)" class="Default">
      <node ref="U3" pin="26" pinfunction="RF0/CDC_TX" pintype="bidirectional+no_connect"/>
    </net>
    <net code="62" name="unconnected-(U3-RF1/CDC_TX-Pad4)" class="Default">
      <node ref="U3" pin="4" pinfunction="RF1/CDC_TX" pintype="bidirectional+no_connect"/>
    </net>
    <net code="63" name="unconnected-(U3-RF2-Pad27)" class="Default">
      <node ref="U3" pin="27" pinfunction="RF2" pintype="bidirectional+no_connect"/>
    </net>
    <net code="64" name="unconnected-(U3-RF3/LED0-Pad28)" class="Default">
      <node ref="U3" pin="28" pinfunction="RF3/LED0" pintype="bidirectional+no_connect"/>
    </net>
    <net code="65" name="unconnected-(U3-RF7-Pad48)" class="Default">
      <node ref="U3" pin="48" pinfunction="RF7" pintype="bidirectional+no_connect"/>
    </net>
    <net code="66" name="unconnected-(U3-VBUS-Pad29)" class="Default">
      <node ref="U3" pin="29" pinfunction="VBUS" pintype="bidirectional+no_connect"/>
    </net>
    <net code="67" name="unconnected-(U4-BYPASS-Pad3)" class="Default">
      <node ref="U4" pin="3" pinfunction="BYPASS" pintype="passive+no_connect"/>
    </net>
    <net code="68" name="unconnected-(U4-SHDN-Pad5)" class="Default">
      <node ref="U4" pin="5" pinfunction="SHDN" pintype="input+no_connect"/>
    </net>
    <net code="69" name="unconnected-(U4-VIN1-Pad2)" class="Default">
      <node ref="U4" pin="2" pinfunction="VIN1" pintype="input+no_connect"/>
    </net>
    <net code="70" name="unconnected-(U4-VOUT1-Pad1)" class="Default">
      <node ref="U4" pin="1" pinfunction="VOUT1" pintype="output+no_connect"/>
    </net>
  </nets>
</export>
